<?xml version="1.0" encoding="UTF-8"?>
<project-private xmlns="http://www.netbeans.org/ns/project-private/1">
    <editor-bookmarks xmlns="http://www.netbeans.org/ns/editor-bookmarks/2" lastBookmarkId="0"/>
    <open-files xmlns="http://www.netbeans.org/ns/projectui-open-files/2">
        <group>
            <file>file:/C:/Users/AsadullauhSojib/Dropbox/My%20PC%20(LAPTOP-GCCK916H)/Documents/NetBeansProjects/LibraryManagement/LibraryManagement/src/jFrame/LoginPage.java</file>
            <file>file:/C:/Users/AsadullauhSojib/Dropbox/My%20PC%20(LAPTOP-GCCK916H)/Documents/NetBeansProjects/LibraryManagement/LibraryManagement/src/jFrame/HomePage.java</file>
            <file>file:/C:/Users/AsadullauhSojib/Dropbox/My%20PC%20(LAPTOP-GCCK916H)/Documents/NetBeansProjects/LibraryManagement/LibraryManagement/src/jFrame/ReservationList.java</file>
            <file>file:/C:/Users/AsadullauhSojib/Dropbox/My%20PC%20(LAPTOP-GCCK916H)/Documents/NetBeansProjects/LibraryManagement/LibraryManagement/src/jFrame/BookReservation.java</file>
            <file>file:/C:/Users/AsadullauhSojib/Dropbox/My%20PC%20(LAPTOP-GCCK916H)/Documents/NetBeansProjects/LibraryManagement/LibraryManagement/src/jFrame/IssueBook.java</file>
            <file>file:/C:/Users/AsadullauhSojib/Dropbox/My%20PC%20(LAPTOP-GCCK916H)/Documents/NetBeansProjects/LibraryManagement/LibraryManagement/src/jFrame/IssueBookDetails.java</file>
            <file>file:/C:/Users/AsadullauhSojib/Dropbox/My%20PC%20(LAPTOP-GCCK916H)/Documents/NetBeansProjects/LibraryManagement/LibraryManagement/src/jFrame/ViewAllRecord.java</file>
            <file>file:/C:/Users/AsadullauhSojib/Dropbox/My%20PC%20(LAPTOP-GCCK916H)/Documents/NetBeansProjects/LibraryManagement/LibraryManagement/src/jFrame/ManageStudent.java</file>
            <file>file:/C:/Users/AsadullauhSojib/Dropbox/My%20PC%20(LAPTOP-GCCK916H)/Documents/NetBeansProjects/LibraryManagement/LibraryManagement/src/jFrame/ReturnBook.java</file>
            <file>file:/C:/Users/AsadullauhSojib/Dropbox/My%20PC%20(LAPTOP-GCCK916H)/Documents/NetBeansProjects/LibraryManagement/LibraryManagement/src/jFrame/DefulterList.java</file>
            <file>file:/C:/Users/AsadullauhSojib/Dropbox/My%20PC%20(LAPTOP-GCCK916H)/Documents/NetBeansProjects/LibraryManagement/LibraryManagement/src/jFrame/ManageBook.java</file>
        </group>
    </open-files>
</project-private>
